From\To,Z0,Eplus,S,Eminus
Z0,0.000000,1.000000,0.000000,0.000000
Eplus,0.000000,0.941176,0.058824,0.000000
S,0.000000,0.000000,0.800000,0.200000
Eminus,0.000000,1.000000,0.000000,0.000000
