From\To,Z0,Eplus,S,Eminus
Z0,0.900000,0.100000,0.000000,0.000000
Eplus,0.000000,0.857143,0.122449,0.020408
S,0.000000,0.666667,0.333333,0.000000
Eminus,0.000000,1.000000,0.000000,0.000000
