From\To,Z0,Eplus,S,Eminus
Z0,0.875000,0.125000,0.000000,0.000000
Eplus,0.000000,0.866667,0.111111,0.022222
S,0.000000,1.000000,0.000000,0.000000
Eminus,0.000000,1.000000,0.000000,0.000000
