From\To,Z0,Eplus,S,Eminus
Z0,0.000000,0.000000,0.000000,0.000000
Eplus,0.000000,0.396272,0.101338,0.502390
S,0.000000,0.575000,0.169643,0.255357
Eminus,0.000000,0.485552,0.130031,0.384417
